{
  "220": {
    "regular": 0.087143,
    "foil": 0.707143
  },
  "440": {
    "foil": 0.905714,
    "regular": 0.051429
  }
}
